Load (ton),Settlement(mm.), H-pile,W-pile,length,Nbase,start SS,Nave,Medium clay,Stiff clay
0,0,1.5,1.5,43,64,16,53,12,16
163.31,-0.561,1.5,1.5,43,64,16,53,12,16
442.32,-1.656,1.5,1.5,43,64,16,53,12,16
609.73,-2.081,1.5,1.5,43,64,16,53,12,16
803.83,-2.964,1.5,1.5,43,64,16,53,12,16
1005.24,-5.243,1.5,1.5,43,64,16,53,12,16
1177.52,-6.598,1.5,1.5,43,64,16,53,12,16
1366.8,-8.879,1.5,1.5,43,64,16,53,12,16
1556.06,-10.463,1.5,1.5,43,64,16,53,12,16
1556.15,-14.654,1.5,1.5,43,64,16,53,12,16
1769.7,-17.162,1.5,1.5,43,64,16,53,12,16
2007.53,-20.829,1.5,1.5,43,64,16,53,12,16
2027,-23.851,1.5,1.5,43,64,16,53,12,16
2170.22,-28.007,1.5,1.5,43,64,16,53,12,16
2175.14,-30.8,1.5,1.5,43,64,16,53,12,16
2323.24,-36.119,1.5,1.5,43,64,16,53,12,16
2343.08,-56.371,1.5,1.5,43,64,16,53,12,16
2362.83,-72.432,1.5,1.5,43,64,16,53,12,16
2382.6,-89.424,1.5,1.5,43,64,16,53,12,16
2390.14,-101.763,1.5,1.5,43,64,16,53,12,16
2412.24,-114.098,1.5,1.5,43,64,16,53,12,16
2419.77,-125.738,1.5,1.5,43,64,16,53,12,16
2444.31,-138.771,1.5,1.5,43,64,16,53,12,16
2456.67,-149.479,1.5,1.5,43,64,16,53,12,16
2466.59,-159.488,1.5,1.5,43,64,16,53,12,16
2478.91,-168.566,1.5,1.5,43,64,16,53,12,16
0,0,1.8,1.8,43,80,16,55,12,16
109.05,-0.168,1.8,1.8,43,80,16,55,12,16
260.05,-0.505,1.8,1.8,43,80,16,55,12,16
394.28,-1.098,1.8,1.8,43,80,16,55,12,16
536.89,-1.35,1.8,1.8,43,80,16,55,12,16
643.17,-2.029,1.8,1.8,43,80,16,55,12,16
704.72,-2.71,1.8,1.8,43,80,16,55,12,16
883.68,-3.132,1.8,1.8,43,80,16,55,12,16
1001.15,-3.811,1.8,1.8,43,80,16,55,12,16
1146.57,-4.575,1.8,1.8,43,80,16,55,12,16
1319.98,-5.594,1.8,1.8,43,80,16,55,12,16
1485.01,-6.869,1.8,1.8,43,80,16,55,12,16
1630.46,-7.974,1.8,1.8,43,80,16,55,12,16
1630.59,-10.363,1.8,1.8,43,80,16,55,12,16
1784.42,-11.383,1.8,1.8,43,80,16,55,12,16
1790.05,-12.065,1.8,1.8,43,80,16,55,12,16
1949.44,-12.487,1.8,1.8,43,80,16,55,12,16
1949.49,-13.426,1.8,1.8,43,80,16,55,12,16
2111.73,-14.786,1.8,1.8,43,80,16,55,12,16
2111.79,-15.81,1.8,1.8,43,80,16,55,12,16
2276.83,-17.341,1.8,1.8,43,80,16,55,12,16
2279.72,-18.962,1.8,1.8,43,80,16,55,12,16
2442,-21.091,1.8,1.8,43,80,16,55,12,16
2442.07,-22.371,1.8,1.8,43,80,16,55,12,16
2593.25,-25.865,1.8,1.8,43,80,16,55,12,16
0,0,1.2,3,62.5,40,16,45,12,16
311.51,-1.311,1.2,3,62.5,40,16,45,12,16
497.77,-2.492,1.2,3,62.5,40,16,45,12,16
756.26,-2.48,1.2,3,62.5,40,16,45,12,16
999.54,-3.459,1.2,3,62.5,40,16,45,12,16
1189.6,-4.045,1.2,3,62.5,40,16,45,12,16
1489.9,-5.618,1.2,3,62.5,40,16,45,12,16
1786.4,-6.793,1.2,3,62.5,40,16,45,12,16
1820.61,-8.577,1.2,3,62.5,40,16,45,12,16
1976.46,-8.768,1.2,3,62.5,40,16,45,12,16
2219.74,-9.748,1.2,3,62.5,40,16,45,12,16
2501.03,-11.123,1.2,3,62.5,40,16,45,12,16
2751.91,-12.499,1.2,3,62.5,40,16,45,12,16
2995.19,-13.876,1.2,3,62.5,40,16,45,12,16
3208.06,-15.651,1.2,3,62.5,40,16,45,12,16
3443.74,-18.418,1.2,3,62.5,40,16,45,12,16
3588.19,-20.196,1.2,3,62.5,40,16,45,12,16
3725.03,-27.928,1.2,3,62.5,40,16,45,12,16
3835.27,-34.47,1.2,3,62.5,40,16,45,12,16
3998.72,-43.391,1.2,3,62.5,40,16,45,12,16
4051.94,-45.968,1.2,3,62.5,40,16,45,12,16
4055.74,-48.746,1.2,3,62.5,40,16,45,12,16
4162.18,-51.32,1.2,3,62.5,40,16,45,12,16
4321.83,-56.67,1.2,3,62.5,40,16,45,12,16
4378.85,-60.437,1.2,3,62.5,40,16,45,12,16
4489.08,-67.773,1.2,3,62.5,40,16,45,12,16
4492.89,-78.488,1.2,3,62.5,40,16,45,12,16
4561.31,-86.818,1.2,3,62.5,40,16,45,12,16
4648.74,-96.338,1.2,3,62.5,40,16,45,12,16
4736.17,-106.057,1.2,3,62.5,40,16,45,12,16
4812.19,-115.577,1.2,3,62.5,40,16,45,12,16
4895.82,-123.312,1.2,3,62.5,40,16,45,12,16
4949.04,-130.254,1.2,3,62.5,40,16,45,12,16
0,0,1.5,1.5,41,25,19,32,6,13
51.93,-1.014,1.5,1.5,41,25,19,32,6,13
210.37,-1.272,1.5,1.5,41,25,19,32,6,13
362.67,-1.526,1.5,1.5,41,25,19,32,6,13
501.44,-1.957,1.5,1.5,41,25,19,32,6,13
781.45,-2.638,1.5,1.5,41,25,19,32,6,13
1001.26,-3.382,1.5,1.5,41,25,19,32,6,13
1205.04,-4.578,1.5,1.5,41,25,19,32,6,13
1246.65,-5.972,1.5,1.5,41,25,19,32,6,13
1397.61,-7.143,1.5,1.5,41,25,19,32,6,13
1551.06,-8.131,1.5,1.5,41,25,19,32,6,13
1556.88,-10.885,1.5,1.5,41,25,19,32,6,13
1707.84,-12.056,1.5,1.5,41,25,19,32,6,13
1861.11,-14.511,1.5,1.5,41,25,19,32,6,13
1868.17,-17.174,1.5,1.5,41,25,19,32,6,13
1987.68,-24.749,1.5,1.5,41,25,19,32,6,13
1991.11,-37.404,1.5,1.5,41,25,19,32,6,13
2012.77,-62.265,1.5,1.5,41,25,19,32,6,13
2013.03,-49.519,1.5,1.5,41,25,19,32,6,13
2018.49,-55.39,1.5,1.5,41,25,19,32,6,13
2052.78,-66.776,1.5,1.5,41,25,19,32,6,13
2080.55,-70.916,1.5,1.5,41,25,19,32,6,13
2102.63,-81.746,1.5,1.5,41,25,19,32,6,13
2128.02,-95.696,1.5,1.5,41,25,19,32,6,13
0,0,1.8,1.8,41,25,19,32,6,13
102.11,-1.146,1.8,1.8,41,25,19,32,6,13
329.46,-1.428,1.8,1.8,41,25,19,32,6,13
497.7,-2.211,1.8,1.8,41,25,19,32,6,13
631.91,-2.298,1.8,1.8,41,25,19,32,6,13
793.13,-3.212,1.8,1.8,41,25,19,32,6,13
1003.38,-5.103,1.8,1.8,41,25,19,32,6,13
1205.62,-6.853,1.8,1.8,41,25,19,32,6,13
1300.7,-8.669,1.8,1.8,41,25,19,32,6,13
1304.54,-12.314,1.8,1.8,41,25,19,32,6,13
1462.7,-14.441,1.8,1.8,41,25,19,32,6,13
1626.73,-19.539,1.8,1.8,41,25,19,32,6,13
1627.26,-30.199,1.8,1.8,41,25,19,32,6,13
1789.1,-39.749,1.8,1.8,41,25,19,32,6,13
1791.87,-45.014,1.8,1.8,41,25,19,32,6,13
1883.55,-55.463,1.8,1.8,41,25,19,32,6,13
1914.09,-66.952,1.8,1.8,41,25,19,32,6,13
1951.5,-81.549,1.8,1.8,41,25,19,32,6,13
1952.94,-94.233,1.8,1.8,41,25,19,32,6,13
1995.61,-103.167,1.8,1.8,41,25,19,32,6,13
2031.09,-116.008,1.8,1.8,41,25,19,32,6,13
2064.6,-128.309,1.8,1.8,41,25,19,32,6,13
2109.03,-142.775,1.8,1.8,41,25,19,32,6,13
2111.49,-155.056,1.8,1.8,41,25,19,32,6,13
0,0,1.2,3,59,54,19,38,13,19
379.74,-0.627,1.2,3,59,54,19,38,13,19
724.91,-1.674,1.2,3,59,54,19,38,13,19
996.37,-2.546,1.2,3,59,54,19,38,13,19
1506.91,-4.628,1.2,3,59,54,19,38,13,19
1823.27,-6.865,1.2,3,59,54,19,38,13,19
2312.26,-8.179,1.2,3,59,54,19,38,13,19
2720.22,-10.396,1.2,3,59,54,19,38,13,19
3021.44,-12.134,1.2,3,59,54,19,38,13,19
3614.82,-15.504,1.2,3,59,54,19,38,13,19
3619.17,-21.186,1.2,3,59,54,19,38,13,19
4063.05,-24.222,1.2,3,59,54,19,38,13,19
4071.92,-30.226,1.2,3,59,54,19,38,13,19
4291.41,-37.532,1.2,3,59,54,19,38,13,19
4508.59,-46.339,1.2,3,59,54,19,38,13,19
4509.47,-59.06,1.2,3,59,54,19,38,13,19
4512.7,-70.461,1.2,3,59,54,19,38,13,19
4667.11,-76.94,1.2,3,59,54,19,38,13,19
4846.72,-82.739,1.2,3,59,54,19,38,13,19
4965.11,-91.087,1.2,3,59,54,19,38,13,19
4968.41,-100.106,1.2,3,59,54,19,38,13,19
4975.41,-106.062,1.2,3,59,54,19,38,13,19
5079.62,-108.112,1.2,3,59,54,19,38,13,19
5122.59,-113.731,1.2,3,59,54,19,38,13,19
5151.17,-119.519,1.2,3,59,54,19,38,13,19
0,0,1.5,1.5,59,55,15,44,15,21
189.96,-1.143,1.5,1.5,59,55,15,44,15,21
380.53,-1.649,1.5,1.5,59,55,15,44,15,21
576.76,-3.065,1.5,1.5,59,55,15,44,15,21
875.66,-5.237,1.5,1.5,59,55,15,44,15,21
1228.94,-8.923,1.5,1.5,59,55,15,44,15,21
1510.62,-11.864,1.5,1.5,59,55,15,44,15,21
1832.48,-15.962,1.5,1.5,59,55,15,44,15,21
2029.36,-18.192,1.5,1.5,59,55,15,44,15,21
2047.94,-20.147,1.5,1.5,59,55,15,44,15,21
2260.59,-23.07,1.5,1.5,59,55,15,44,15,21
2261.52,-31.9,1.5,1.5,59,55,15,44,15,21
2480.1,-31.728,1.5,1.5,59,55,15,44,15,21
2490.01,-34.483,1.5,1.5,59,55,15,44,15,21
2709.81,-38.096,1.5,1.5,59,55,15,44,15,21
2710.87,-44.518,1.5,1.5,59,55,15,44,15,21
2809.88,-48.214,1.5,1.5,59,55,15,44,15,21
2924.66,-52.716,1.5,1.5,59,55,15,44,15,21
2929.72,-64.644,1.5,1.5,59,55,15,44,15,21
2998.11,-75.786,1.5,1.5,59,55,15,44,15,21
3050.84,-83.942,1.5,1.5,59,55,15,44,15,21
3082.16,-89.455,1.5,1.5,59,55,15,44,15,21
3098.81,-99.895,1.5,1.5,59,55,15,44,15,21
3109.8,-108.957,1.5,1.5,59,55,15,44,15,21
3134.42,-130.867,1.5,1.5,59,55,15,44,15,21
3135.04,-120.088,1.5,1.5,59,55,15,44,15,21
0,0,1.5,1.5,41,51,15,47,10,15
145.86,-0.948,1.5,1.5,41,51,15,47,10,15
342.45,-1.36,1.5,1.5,41,51,15,47,10,15
503.86,-1.768,1.5,1.5,41,51,15,47,10,15
690.07,-2.799,1.5,1.5,41,51,15,47,10,15
889.73,-4.219,1.5,1.5,41,51,15,47,10,15
1010.75,-5.242,1.5,1.5,41,51,15,47,10,15
1200.03,-7.281,1.5,1.5,41,51,15,47,10,15
1352.05,-9.47,1.5,1.5,41,51,15,47,10,15
1355.07,-11.486,1.5,1.5,41,51,15,47,10,15
1499.91,-12.202,1.5,1.5,41,51,15,47,10,15
1502.85,-16.078,1.5,1.5,41,51,15,47,10,15
1649.73,-17.569,1.5,1.5,41,51,15,47,10,15
1653.76,-20.128,1.5,1.5,41,51,15,47,10,15
1800.55,-23.712,1.5,1.5,41,51,15,47,10,15
1804.54,-27.278,1.5,1.5,41,51,15,47,10,15
1876.84,-30.543,1.5,1.5,41,51,15,47,10,15
1947.08,-33.652,1.5,1.5,41,51,15,47,10,15
1947.81,-40.939,1.5,1.5,41,51,15,47,10,15
2019.95,-47.925,1.5,1.5,41,51,15,47,10,15
2094.09,-56.849,1.5,1.5,41,51,15,47,10,15
2098.95,-64.446,1.5,1.5,41,51,15,47,10,15
2141.09,-71.351,1.5,1.5,41,51,15,47,10,15
2186.33,-78.256,1.5,1.5,41,51,15,47,10,15
2244.98,-86.17,1.5,1.5,41,51,15,47,10,15
2246.79,-92.527,1.5,1.5,41,51,15,47,10,15
2247.61,-97.721,1.5,1.5,41,51,15,47,10,15
0,0,1.5,1.5,45,53,13,47,13,28
173.62,-0.567,1.5,1.5,45,53,13,47,13,28
424.3,-1.549,1.5,1.5,45,53,13,47,13,28
614.51,-2.38,1.5,1.5,45,53,13,47,13,28
824.55,-3.906,1.5,1.5,45,53,13,47,13,28
1002.77,-5.429,1.5,1.5,45,53,13,47,13,28
1140.42,-6.096,1.5,1.5,45,53,13,47,13,28
1144.14,-7.095,1.5,1.5,45,53,13,47,13,28
1300.25,-8.904,1.5,1.5,45,53,13,47,13,28
1462.5,-10.523,1.5,1.5,45,53,13,47,13,28
1466.22,-11.523,1.5,1.5,45,53,13,47,13,28
1623.55,-12.76,1.5,1.5,45,53,13,47,13,28
1626.12,-16.378,1.5,1.5,45,53,13,47,13,28
1820.34,-18.52,1.5,1.5,45,53,13,47,13,28
1949.3,-20.554,1.5,1.5,45,53,13,47,13,28
1954.21,-21.499,1.5,1.5,45,53,13,47,13,28
2010.8,-22.217,1.5,1.5,45,53,13,47,13,28
2079.12,-23.615,1.5,1.5,45,53,13,47,13,28
2085,-24.521,1.5,1.5,45,53,13,47,13,28
2204.07,-27.204,1.5,1.5,45,53,13,47,13,28
2213.86,-28.338,1.5,1.5,45,53,13,47,13,28
2275.34,-29.358,1.5,1.5,45,53,13,47,13,28
2284.15,-30.378,1.5,1.5,45,53,13,47,13,28
2404.21,-33.363,1.5,1.5,45,53,13,47,13,28
2406.22,-35.327,1.5,1.5,45,53,13,47,13,28
2512.65,-37.783,1.5,1.5,45,53,13,47,13,28
2600.97,-40.242,1.5,1.5,45,53,13,47,13,28
2602.6,-42.521,1.5,1.5,45,53,13,47,13,28
2607.31,-44.56,1.5,1.5,45,53,13,47,13,28
0,0,1.8,1.8,40,64,16,53,12,16
188.34,-0.642,1.8,1.8,40,64,16,53,12,16
368.12,-1.19,1.8,1.8,40,64,16,53,12,16
552.82,-2.067,1.8,1.8,40,64,16,53,12,16
771.73,-2.753,1.8,1.8,40,64,16,53,12,16
993.15,-4.004,1.8,1.8,40,64,16,53,12,16
1303.85,-5.482,1.8,1.8,40,64,16,53,12,16
1306.41,-6.47,1.8,1.8,40,64,16,53,12,16
1460.5,-6.88,1.8,1.8,40,64,16,53,12,16
1466.82,-8.575,1.8,1.8,40,64,16,53,12,16
1622.14,-9.078,1.8,1.8,40,64,16,53,12,16
1632.38,-12.845,1.8,1.8,40,64,16,53,12,16
1948.12,-15.641,1.8,1.8,40,64,16,53,12,16
1955.66,-17.335,1.8,1.8,40,64,16,53,12,16
2111.11,-18.875,1.8,1.8,40,64,16,53,12,16
2115.09,-21.465,1.8,1.8,40,64,16,53,12,16
2271.77,-23.098,1.8,1.8,40,64,16,53,12,16
2278.33,-26.724,1.8,1.8,40,64,16,53,12,16
2356.76,-28.318,1.8,1.8,40,64,16,53,12,16
2437.68,-30.241,1.8,1.8,40,64,16,53,12,16
2440.41,-32.549,1.8,1.8,40,64,16,53,12,16
2446.8,-34.856,1.8,1.8,40,64,16,53,12,16
2511.79,-36.404,1.8,1.8,40,64,16,53,12,16
2592.69,-38.233,1.8,1.8,40,64,16,53,12,16
2600.53,-42.33,1.8,1.8,40,64,16,53,12,16
2601.15,-47.416,1.8,1.8,40,64,16,53,12,16
0,0,1,1,50.48,66,16,50,14,22
96.45,-0.3046,1,1,50.48,66,16,50,14,22
212.77,-0.9119,1,1,50.48,66,16,50,14,22
297.87,-1.3325,1,1,50.48,66,16,50,14,22
382.98,-1.8461,1,1,50.48,66,16,50,14,22
513.48,-2.9422,1,1,50.48,66,16,50,14,22
652.48,-3.8756,1,1,50.48,66,16,50,14,22
800,-4.9721,1,1,50.48,66,16,50,14,22
885.11,-5.9043,1,1,50.48,66,16,50,14,22
941.84,-6.9754,1,1,50.48,66,16,50,14,22
998.58,-8,1,1,50.48,66,16,50,14,22
1160.28,-8.8874,1,1,50.48,66,16,50,14,22
1251.06,-9.9826,1,1,50.48,66,16,50,14,22
0,0,1.2,1.2,58.08,100,16,50,14,22
195.1,-1.088,1.2,1.2,58.08,100,16,50,14,22
334.46,-1.8651,1.2,1.2,58.08,100,16,50,14,22
426.11,-2.7191,1.2,1.2,58.08,100,16,50,14,22
565.53,-3.8063,1.2,1.2,58.08,100,16,50,14,22
681.09,-4.9319,1.2,1.2,58.08,100,16,50,14,22
832.42,-5.8642,1.2,1.2,58.08,100,16,50,14,22
928.06,-6.7958,1.2,1.2,58.08,100,16,50,14,22
1031.67,-7.805,1.2,1.2,58.08,100,16,50,14,22
1139.29,-9.008,1.2,1.2,58.08,100,16,50,14,22
1187.22,-10.0164,1.2,1.2,58.08,100,16,50,14,22
1231.15,-10.9085,1.2,1.2,58.08,100,16,50,14,22
1279.09,-11.9945,1.2,1.2,58.08,100,16,50,14,22
1330.98,-12.9254,1.2,1.2,58.08,100,16,50,14,22
1406.73,-13.8179,1.2,1.2,58.08,100,16,50,14,22
1490.45,-14.8268,1.2,1.2,58.08,100,16,50,14,22
1621.9,-15.8364,1.2,1.2,58.08,100,16,50,14,22
0,0,1.3,1.3,55.32,39,16,40,14,24
124.48,-1.0401,1.3,1.3,55.32,39,16,40,14,24
236.53,-1.9259,1.3,1.3,55.32,39,16,40,14,24
323.6,-2.8509,1.3,1.3,55.32,39,16,40,14,24
435.65,-3.7368,1.3,1.3,55.32,39,16,40,14,24
516.5,-4.6232,1.3,1.3,55.32,39,16,40,14,24
606.57,-5.9342,1.3,1.3,55.32,39,16,40,14,24
706.2,-6.6273,1.3,1.3,55.32,39,16,40,14,24
836.84,-7.9375,1.3,1.3,55.32,39,16,40,14,24
902.13,-8.6698,1.3,1.3,55.32,39,16,40,14,24
985.95,-10.0196,1.3,1.3,55.32,39,16,40,14,24
1035.66,-10.7136,1.3,1.3,55.32,39,16,40,14,24
1116.4,-11.9476,1.3,1.3,55.32,39,16,40,14,24
1141.03,-12.9896,1.3,1.3,55.32,39,16,40,14,24
1178.19,-13.9155,1.3,1.3,55.32,39,16,40,14,24
1190.45,-14.6102,1.3,1.3,55.32,39,16,40,14,24
1230.6,-15.9222,1.3,1.3,55.32,39,16,40,14,24
1267.71,-17.0026,1.3,1.3,55.32,39,16,40,14,24
0,0,1.5,1.5,59.72,100,16,69,10,14
221.92,-0.8687,1.5,1.5,59.72,100,16,69,10,14
438.09,-1.5637,1.5,1.5,59.72,100,16,69,10,14
614.58,-2.4903,1.5,1.5,59.72,100,16,69,10,14
836.63,-3.7066,1.5,1.5,59.72,100,16,69,10,14
1053.02,-4.9807,1.5,1.5,59.72,100,16,69,10,14
1201.12,-5.9653,1.5,1.5,59.72,100,16,69,10,14
1383.49,-7.4131,1.5,1.5,59.72,100,16,69,10,14
1542.95,-8.3977,1.5,1.5,59.72,100,16,69,10,14
1731.02,-9.9035,1.5,1.5,59.72,100,16,69,10,14
1867.8,-11.0039,1.5,1.5,59.72,100,16,69,10,14
1999.06,-12.5097,1.5,1.5,59.72,100,16,69,10,14
2107.38,-13.4942,1.5,1.5,59.72,100,16,69,10,14
2249.93,-14.8263,1.5,1.5,59.72,100,16,69,10,14
2352.58,-15.8108,1.5,1.5,59.72,100,16,69,10,14
2472.4,-17.1429,1.5,1.5,59.72,100,16,69,10,14
2569.52,-18.5328,1.5,1.5,59.72,100,16,69,10,14
2666.64,-19.9228,1.5,1.5,59.72,100,16,69,10,14
2752.33,-21.139,1.5,1.5,59.72,100,16,69,10,14
2815.22,-22.1815,1.5,1.5,59.72,100,16,69,10,14
2878.09,-23.166,1.5,1.5,59.72,100,16,69,10,14
2963.83,-24.4981,1.5,1.5,59.72,100,16,69,10,14
0,0,0.6,0.3,24,47,16,30,14,23
9.792,-0.0587,0.6,0.3,24,47,16,30,14,23
25.546,-0.1661,0.6,0.3,24,47,16,30,14,23
40.871,-0.2347,0.6,0.3,24,47,16,30,14,23
51.104,-0.4772,0.6,0.3,24,47,16,30,14,23
60.059,-0.6905,0.6,0.3,24,47,16,30,14,23
74.975,-0.9526,0.6,0.3,24,47,16,30,14,23
84.354,-1.1563,0.6,0.3,24,47,16,30,14,23
97.996,-1.4473,0.6,0.3,24,47,16,30,14,23
109.078,-1.6705,0.6,0.3,24,47,16,30,14,23
121.871,-1.9808,0.6,0.3,24,47,16,30,14,23
129.971,-2.1554,0.6,0.3,24,47,16,30,14,23
141.061,-2.4656,0.6,0.3,24,47,16,30,14,23
146.613,-2.698,0.6,0.3,24,47,16,30,14,23
155.57,-2.9501,0.6,0.3,24,47,16,30,14,23
162.403,-3.231,0.6,0.3,24,47,16,30,14,23
177.318,-3.4834,0.6,0.3,24,47,16,30,14,23
185.847,-3.7064,0.6,0.3,24,47,16,30,14,23
193.104,-3.9776,0.6,0.3,24,47,16,30,14,23
200.356,-4.1812,0.6,0.3,24,47,16,30,14,23
0,0,1.2,1.2,45.22,52,18,40,14,18
150.51,-0.695,1.2,1.2,45.22,52,18,40,14,18
295.96,-1.6216,1.2,1.2,45.22,52,18,40,14,18
395.47,-2.2394,1.2,1.2,45.22,52,18,40,14,18
502.63,-2.8571,1.2,1.2,45.22,52,18,40,14,18
678.77,-4.556,1.2,1.2,45.22,52,18,40,14,18
783.46,-5.7915,1.2,1.2,45.22,52,18,40,14,18
928.96,-7.1815,1.2,1.2,45.22,52,18,40,14,18
1008.13,-8.1853,1.2,1.2,45.22,52,18,40,14,18
1094.99,-9.5753,1.2,1.2,45.22,52,18,40,14,18
1148.74,-11.1969,1.2,1.2,45.22,52,18,40,14,18
1204.95,-12.2008,1.2,1.2,45.22,52,18,40,14,18
1228.01,-13.0502,1.2,1.2,45.22,52,18,40,14,18
1246.08,-14.8263,1.2,1.2,45.22,52,18,40,14,18
1261.51,-15.8301,1.2,1.2,45.22,52,18,40,14,18
1274.4,-16.9884,1.2,1.2,45.22,52,18,40,14,18
1294.97,-18.3012,1.2,1.2,45.22,52,18,40,14,18
1310.46,-19.8456,1.2,1.2,45.22,52,18,40,14,18
1325.94,-21.2355,1.2,1.2,45.22,52,18,40,14,18
1343.93,-22.3938,1.2,1.2,45.22,52,18,40,14,18
1403.16,-27.027,1.2,1.2,45.22,52,18,40,14,18
0,0,1.2,1.2,63.07,52,16,48,18,21
424.33,-1.5156,1.2,1.2,63.07,52,16,48,18,21
558.7,-2.5612,1.2,1.2,63.07,52,16,48,18,21
742.57,-4.7662,1.2,1.2,63.07,52,16,48,18,21
898.16,-5.4069,1.2,1.2,63.07,52,16,48,18,21
1060.82,-7.3219,1.2,1.2,63.07,52,16,48,18,21
1142.15,-8.4241,1.2,1.2,63.07,52,16,48,18,21
1248.23,-9.8166,1.2,1.2,63.07,52,16,48,18,21
1308.35,-11.0921,1.2,1.2,63.07,52,16,48,18,21
1350.78,-12.3672,1.2,1.2,63.07,52,16,48,18,21
1442.72,-14.8597,1.2,1.2,63.07,52,16,48,18,21
1608.91,-17.296,1.2,1.2,63.07,52,16,48,18,21
1792.79,-19.8485,1.2,1.2,63.07,52,16,48,18,21
0,0,1.2,1.2,50.5,100,16,55,14,25
78.64,-0.485,1.2,1.2,50.5,100,16,55,14,25
150.16,-0.9469,1.2,1.2,50.5,100,16,55,14,25
242.95,-1.3857,1.2,1.2,50.5,100,16,55,14,25
343,-1.963,1.2,1.2,50.5,100,16,55,14,25
468.32,-2.933,1.2,1.2,50.5,100,16,55,14,25
536.39,-3.4873,1.2,1.2,50.5,100,16,55,14,25
639.84,-3.9261,1.2,1.2,50.5,100,16,55,14,25
725.73,-4.5497,1.2,1.2,50.5,100,16,55,14,25
768.81,-4.9885,1.2,1.2,50.5,100,16,55,14,25
865.75,-5.9815,1.2,1.2,50.5,100,16,55,14,25
951.96,-6.9053,1.2,1.2,50.5,100,16,55,14,25
1016.32,-7.321,1.2,1.2,50.5,100,16,55,14,25
1063.15,-7.9446,1.2,1.2,50.5,100,16,55,14,25
1127.79,-8.6143,1.2,1.2,50.5,100,16,55,14,25
0,0,1,1,55,49,16,45,14,20
106.54,-1.1143,1,1,55,49,16,45,14,20
237.9,-2.1802,1,1,55,49,16,45,14,20
319.53,-2.6647,1,1,55,49,16,45,14,20
450.93,-4.0213,1,1,55,49,16,45,14,20
514.89,-4.9903,1,1,55,49,16,45,14,20
674.64,-6.2016,1,1,55,49,16,45,14,20
845.15,-8.3333,1,1,55,49,16,45,14,20
916.26,-9.6415,1,1,55,49,16,45,14,20
944.75,-10.5136,1,1,55,49,16,45,14,20
1026.6,-12.5484,1,1,55,49,16,45,14,20
1111.96,-14.3411,1,1,55,49,16,45,14,20
1190.31,-16.7151,1,1,55,49,16,45,14,20
1250.91,-18.8953,1,1,55,49,16,45,14,20
1304.4,-21.0271,1,1,55,49,16,45,14,20
0,0,0.8,0.8,44.99,14,17,25,21,31
48.78,-0.4819,0.8,0.8,44.99,14,17,25,21,31
88.48,-0.8098,0.8,0.8,44.99,14,17,25,21,31
132.71,-1.1763,0.8,0.8,44.99,14,17,25,21,31
175.82,-1.6004,0.8,0.8,44.99,14,17,25,21,31
206.46,-2.005,0.8,0.8,44.99,14,17,25,21,31
257.5,-2.4293,0.8,0.8,44.99,14,17,25,21,31
335.78,-3.2965,0.8,0.8,44.99,14,17,25,21,31
391.41,-4.2017,0.8,0.8,44.99,14,17,25,21,31
427.76,-4.9911,0.8,0.8,44.99,14,17,25,21,31
462.98,-5.8381,0.8,0.8,44.99,14,17,25,21,31
485.74,-6.6463,0.8,0.8,44.99,14,17,25,21,31
510.77,-7.5507,0.8,0.8,44.99,14,17,25,21,31
520.99,-7.7625,0.8,0.8,44.99,14,17,25,21,31
0,0,1.2,1.2,51.7,73,10,53,8,20
122.28,-0.1946,1.2,1.2,51.7,73,10,53,8,20
338.3,-0.8737,1.2,1.2,51.7,73,10,53,8,20
531.54,-1.6299,1.2,1.2,51.7,73,10,53,8,20
636.68,-2.0758,1.2,1.2,51.7,73,10,53,8,20
710.54,-2.444,1.2,1.2,51.7,73,10,53,8,20
838.31,-3.335,1.2,1.2,51.7,73,10,53,8,20
1028.69,-4.1686,1.2,1.2,51.7,73,10,53,8,20
1179.21,-5.0598,1.2,1.2,51.7,73,10,53,8,20
1244.59,-5.2538,1.2,1.2,51.7,73,10,53,8,20
1272.89,-5.7763,1.2,1.2,51.7,73,10,53,8,20
1346.62,-6.6475,1.2,1.2,51.7,73,10,53,8,20
1406.2,-7.1896,1.2,1.2,51.7,73,10,53,8,20
0,0,1.2,1.2,51.1,150,10,79,10,18
143.89,-0.8013,1.2,1.2,51.1,150,10,79,10,18
276.64,-1.394,1.2,1.2,51.1,150,10,79,10,18
457.34,-2.1958,1.2,1.2,51.1,150,10,79,10,18
604.86,-2.8929,1.2,1.2,51.1,150,10,79,10,18
722.98,-3.6939,1.2,1.2,51.1,150,10,79,10,18
855.8,-4.4255,1.2,1.2,51.1,150,10,79,10,18
1073.57,-5.8881,1.2,1.2,51.1,150,10,79,10,18
1280.34,-7.4201,1.2,1.2,51.1,150,10,79,10,18
1398.75,-8.9508,1.2,1.2,51.1,150,10,79,10,18
1498.4,-9.5777,1.2,1.2,51.1,150,10,79,10,18
1598.15,-10.4826,1.2,1.2,51.1,150,10,79,10,18
1716.6,-12.0828,1.2,1.2,51.1,150,10,79,10,18
1746.32,-12.7434,1.2,1.2,51.1,150,10,79,10,18
0,0,0.8,0.8,47.2,53,12,44,14,18
88.73,-0.8427,0.8,0.8,47.2,53,12,44,14,18
191.11,-1.8964,0.8,0.8,47.2,53,12,44,14,18
279.85,-2.8236,0.8,0.8,47.2,53,12,44,14,18
311.76,-3.6256,0.8,0.8,47.2,53,12,44,14,18
452.85,-5.3542,0.8,0.8,47.2,53,12,44,14,18
559.88,-7.3373,0.8,0.8,47.2,53,12,44,14,18
607.7,-8.1811,0.8,0.8,47.2,53,12,44,14,18
657.81,-9.1516,0.8,0.8,47.2,53,12,44,14,18
705.63,-9.9954,0.8,0.8,47.2,53,12,44,14,18
762.54,-10.8813,0.8,0.8,47.2,53,12,44,14,18
819.45,-11.7248,0.8,0.8,47.2,53,12,44,14,18
921.83,-12.694,0.8,0.8,47.2,53,12,44,14,18
1046.97,-14.0005,0.8,0.8,47.2,53,12,44,14,18
0,0,0.8,0.8,27,54,16,37,18,24
116.87,-0.9498,0.8,0.8,27,54,16,37,18,24
162.49,-1.39,0.8,0.8,27,54,16,37,18,24
209.56,-1.9228,0.8,0.8,27,54,16,37,18,24
246.69,-2.5251,0.8,0.8,27,54,16,37,18,24
312.21,-2.9189,0.8,0.8,27,54,16,37,18,24
353.58,-3.3822,0.8,0.8,27,54,16,37,18,24
406.34,-3.9382,0.8,0.8,27,54,16,37,18,24
436.32,-4.3784,0.8,0.8,27,54,16,37,18,24
460.63,-4.9344,0.8,0.8,27,54,16,37,18,24
500.71,-6,0.8,0.8,27,54,16,37,18,24
557.74,-6.556,0.8,0.8,27,54,16,37,18,24
624.75,-7.2046,0.8,0.8,27,54,16,37,18,24
0,0,1.5,1.5,59.14,100,16,64,13,20
230.04,-0.1752,1.5,1.5,59.14,100,16,64,13,20
468.4,-0.8138,1.5,1.5,59.14,100,16,64,13,20
562,-1.1619,1.5,1.5,59.14,100,16,64,13,20
698.18,-1.6068,1.5,1.5,59.14,100,16,64,13,20
791.77,-1.9742,1.5,1.5,59.14,100,16,64,13,20
902.38,-2.4189,1.5,1.5,59.14,100,16,64,13,20
1132.11,-3.3084,1.5,1.5,59.14,100,16,64,13,20
1349.1,-4.1207,1.5,1.5,59.14,100,16,64,13,20
1532,-4.9133,1.5,1.5,59.14,100,16,64,13,20
1719.13,-5.764,1.5,1.5,59.14,100,16,64,13,20
1799.95,-6.112,1.5,1.5,59.14,100,16,64,13,20
1846.58,-6.6914,1.5,1.5,59.14,100,16,64,13,20
1884.73,-7.1743,1.5,1.5,59.14,100,16,64,13,20
0,0,0.8,0.8,27,31,16,30,13,20
57.64,-0.8127,0.8,0.8,27,31,16,30,13,20
109.34,-1.6637,0.8,0.8,27,31,16,30,13,20
166.97,-2.4957,0.8,0.8,27,31,16,30,13,20
217.82,-3.3275,0.8,0.8,27,31,16,30,13,20
253.41,-3.9271,0.8,0.8,27,31,16,30,13,20
282.18,-4.9512,0.8,0.8,27,31,16,30,13,20
306.72,-5.8207,0.8,0.8,27,31,16,30,13,20
330.41,-6.6129,0.8,0.8,27,31,16,30,13,20
354.11,-7.4245,0.8,0.8,27,31,16,30,13,20
376.11,-8.1974,0.8,0.8,27,31,16,30,13,20
0,0,0.6,0.6,22,64,16,41,15,28
10.213,-0.2399,0.6,0.6,22,64,16,41,15,28
19.915,-0.5497,0.6,0.6,22,64,16,41,15,28
30.298,-0.7429,0.6,0.6,22,64,16,41,15,28
37.787,-1.0279,0.6,0.6,22,64,16,41,15,28
52.426,-1.3406,0.6,0.6,22,64,16,41,15,28
60.085,-1.6492,0.6,0.6,22,64,16,41,15,28
60.766,-1.9537,0.6,0.6,22,64,16,41,15,28
63.66,-2.9612,0.6,0.6,22,64,16,41,15,28
65.872,-3.9917,0.6,0.6,22,64,16,41,15,28
67.745,-4.8817,0.6,0.6,22,64,16,41,15,28
70.468,-6.0763,0.6,0.6,22,64,16,41,15,28
72.681,-7.0834,0.6,0.6,22,64,16,41,15,28
75.404,-7.9739,0.6,0.6,22,64,16,41,15,28
80,-10.0117,0.6,0.6,22,64,16,41,15,28
0,0,0.5,0.5,18,120,14,55,11,18
10.712,-0.1558,0.5,0.5,18,120,14,55,11,18
19.556,-0.4349,0.5,0.5,18,120,14,55,11,18
25.339,-0.6365,0.5,0.5,18,120,14,55,11,18
34.183,-0.8847,0.5,0.5,18,120,14,55,11,18
39.801,-1.3024,0.5,0.5,18,120,14,55,11,18
51.033,-1.968,0.5,0.5,18,120,14,55,11,18
63.285,-2.6336,0.5,0.5,18,120,14,55,11,18
70.433,-3.067,0.5,0.5,18,120,14,55,11,18
76.728,-3.3303,0.5,0.5,18,120,14,55,11,18
78.94,-3.4387,0.5,0.5,18,120,14,55,11,18
81.67,-3.9178,0.5,0.5,18,120,14,55,11,18
84.914,-4.5978,0.5,0.5,18,120,14,55,11,18
88.156,-5.2005,0.5,0.5,18,120,14,55,11,18
89.863,-5.5714,0.5,0.5,18,120,14,55,11,18
0,0,0.8,0.8,50.31,50,16,24,15,18
32.24,-0.2648,0.8,0.8,50.31,50,16,24,15,18
74.66,-0.623,0.8,0.8,50.31,50,16,24,15,18
123.81,-1.2761,0.8,0.8,50.31,50,16,24,15,18
188.29,-1.7592,0.8,0.8,50.31,50,16,24,15,18
198.45,-1.9612,0.8,0.8,50.31,50,16,24,15,18
242.49,-2.6606,0.8,0.8,50.31,50,16,24,15,18
252.65,-2.847,0.8,0.8,50.31,50,16,24,15,18
317.14,-3.3456,0.8,0.8,50.31,50,16,24,15,18
364.6,-3.9521,0.8,0.8,50.31,50,16,24,15,18
417.14,-4.6673,0.8,0.8,50.31,50,16,24,15,18
449.3,-5.2732,0.8,0.8,50.31,50,16,24,15,18
481.45,-5.9877,0.8,0.8,50.31,50,16,24,15,18
503.46,-6.3916,0.8,0.8,50.31,50,16,24,15,18
0,0,1.2,1.2,52.2,60,18,56.36,17,22
120.28,-1.0525,1.2,1.2,52.2,60,18,56.36,17,22
237.99,-2.009,1.2,1.2,52.2,60,18,56.36,17,22
350.6,-3.0617,1.2,1.2,52.2,60,18,56.36,17,22
465.76,-4.0663,1.2,1.2,52.2,60,18,56.36,17,22
545.11,-4.9279,1.2,1.2,52.2,60,18,56.36,17,22
660.28,-6.0764,1.2,1.2,52.2,60,18,56.36,17,22
849.71,-8.2787,1.2,1.2,52.2,60,18,56.36,17,22
1005.89,-10.3859,1.2,1.2,52.2,60,18,56.36,17,22
1123.7,-12.3021,1.2,1.2,52.2,60,18,56.36,17,22
1187.75,-13.548,1.2,1.2,52.2,60,18,56.36,17,22
1213.42,-14.507,1.2,1.2,52.2,60,18,56.36,17,22
1262.21,-16.569,1.2,1.2,52.2,60,18,56.36,17,22
1305.88,-18.6312,1.2,1.2,52.2,60,18,56.36,17,22
1388.07,-22.2759,1.2,1.2,52.2,60,18,56.36,17,22
0,0,1,1,52.08,60,18,56.36,17,22
94.12,-0.7843,1,1,52.08,60,18,56.36,17,22
181,-1.7429,1,1,52.08,60,18,56.36,17,22
352.34,-3.7473,1,1,52.08,60,18,56.36,17,22
492.31,-5.4902,1,1,52.08,60,18,56.36,17,22
612.97,-7.4074,1,1,52.08,60,18,56.36,17,22
728.81,-9.1939,1,1,52.08,60,18,56.36,17,22
830.17,-11.1111,1,1,52.08,60,18,56.36,17,22
921.87,-12.9847,1,1,52.08,60,18,56.36,17,22
989.44,-14.8148,1,1,52.08,60,18,56.36,17,22
1032.88,-16.7756,1,1,52.08,60,18,56.36,17,22
1085.97,-19.2593,1,1,52.08,60,18,56.36,17,22
0,0,1.2,1.2,52.35,60,18,56.36,17,22
139.17,-0.57,1.2,1.2,52.35,60,18,56.36,17,22
258.65,-1.7466,1.2,1.2,52.35,60,18,56.36,17,22
474.77,-3.5781,1.2,1.2,52.35,60,18,56.36,17,22
682.41,-5.496,1.2,1.2,52.35,60,18,56.36,17,22
856.02,-7.4558,1.2,1.2,52.35,60,18,56.36,17,22
1001.29,-9.5445,1.2,1.2,52.35,60,18,56.36,17,22
1095.38,-11.1972,1.2,1.2,52.35,60,18,56.36,17,22
1186.69,-13.0667,1.2,1.2,52.35,60,18,56.36,17,22
1249.63,-14.9349,1.2,1.2,52.35,60,18,56.36,17,22
1301.23,-16.846,1.2,1.2,52.35,60,18,56.36,17,22
1332.76,-17.9754,1.2,1.2,52.35,60,18,56.36,17,22
0,0,1,1,52.05,60,18,56.36,17,22
111.26,-1.0564,1,1,52.05,60,18,56.36,17,22
187.9,-1.7608,1,1,52.05,60,18,56.36,17,22
358.48,-3.5203,1,1,52.05,60,18,56.36,17,22
496.84,-5.4957,1,1,52.05,60,18,56.36,17,22
627.78,-7.5579,1,1,52.05,60,18,56.36,17,22
736.46,-9.4001,1,1,52.05,60,18,56.36,17,22
832.77,-11.2414,1,1,52.05,60,18,56.36,17,22
916.71,-12.9944,1,1,52.05,60,18,56.36,17,22
975.88,-14.9202,1,1,52.05,60,18,56.36,17,22
1032.57,-16.8022,1,1,52.05,60,18,56.36,17,22
1091.73,-18.859,1,1,52.05,60,18,56.36,17,22
0,0,0.6,0.6,23.5,37,22,31,21,24
19.924,-0.783,0.6,0.6,23.5,37,22,31,21,24
40.051,-1.854,0.6,0.6,23.5,37,22,31,21,24
60.376,-2.926,0.6,0.6,23.5,37,22,31,21,24
75.923,-3.994,0.6,0.6,23.5,37,22,31,21,24
87.285,-4.964,0.6,0.6,23.5,37,22,31,21,24
88.119,-8.041,0.6,0.6,23.5,37,22,31,21,24
90.162,-12.37,0.6,0.6,23.5,37,22,31,21,24
91.604,-16.409,0.6,0.6,23.5,37,22,31,21,24
93.446,-20.545,0.6,0.6,23.5,37,22,31,21,24
94.693,-24.873,0.6,0.6,23.5,37,22,31,21,24
95.738,-29.008,0.6,0.6,23.5,37,22,31,21,24
97.185,-33.432,0.6,0.6,23.5,37,22,31,21,24
98.424,-37.183,0.6,0.6,23.5,37,22,31,21,24
100.676,-42.281,0.6,0.6,23.5,37,22,31,21,24
0,0,1,1,35.9,75,14,46,12,21
86.98,-0.3087,1,1,35.9,75,14,46,12,21
168.88,-0.7918,1,1,35.9,75,14,46,12,21
281.53,-1.6234,1,1,35.9,75,14,46,12,21
407.8,-2.4547,1,1,35.9,75,14,46,12,21
528.98,-3.3442,1,1,35.9,75,14,46,12,21
636.5,-4.1564,1,1,35.9,75,14,46,12,21
726.99,-4.9883,1,1,35.9,75,14,46,12,21
798.71,-5.7817,1,1,35.9,75,14,46,12,21
848.27,-6.4979,1,1,35.9,75,14,46,12,21
870.58,-7.4278,1,1,35.9,75,14,46,12,21
0,0,0.8,0.8,55.33,59,18,38,17,24
127.18,-0.715,0.8,0.8,55.33,59,18,38,17,24
273,-1.5651,0.8,0.8,55.33,59,18,38,17,24
301.8,-1.8738,0.8,0.8,55.33,59,18,38,17,24
376.46,-2.0484,0.8,0.8,55.33,59,18,38,17,24
464.65,-2.4159,0.8,0.8,55.33,59,18,38,17,24
522.31,-2.7251,0.8,0.8,55.33,59,18,38,17,24
571.44,-3.2654,0.8,0.8,55.33,59,18,38,17,24
598.55,-3.5164,0.8,0.8,55.33,59,18,38,17,24
615.42,-4.1717,0.8,0.8,55.33,59,18,38,17,24
637.38,-4.7501,0.8,0.8,55.33,59,18,38,17,24
639.03,-5.0584,0.8,0.8,55.33,59,18,38,17,24
664.35,-5.8488,0.8,0.8,55.33,59,18,38,17,24
723.62,-6.6783,0.8,0.8,55.33,59,18,38,17,24
745.63,-6.9869,0.8,0.8,55.33,59,18,38,17,24